Galaxy,Blaster,Rebel,ManaReaver,Demolitionist,Cybernetic,Infiltrator,StarGuardian,Paragon,Sniper,Set3_Celestial,MechPilot,Set3_Sorcerer,Astro,Chrono,Battlecast,Set3_Brawler,SpacePirate,DarkStar,Vanguard,Starship,Mercenary,Protector,Set3_Mystic,Set3_Blademaster,DamageToPlayer,Top4,Win
Manatee's Delight,1,0,0,0,0,0,0,0,0,0,0,0,0,0,3,1,0,0,0,0,0,0,1,0,80,False,False
Normal,0,0,0,0,0,0,0,0,2,0,0,0,1,0,0,0,0,1,1,0,0,0,1,0,113,True,False
Galactic Armory,0,2,0,1,0,1,0,0,0,0,0,0,0,0,0,0,0,0,0,1,1,0,0,0,187,True,True
Plunder Planet,0,0,0,0,0,0,0,0,2,0,0,0,1,1,0,0,0,1,1,0,0,0,0,0,54,False,False
Treasure Trove,0,0,0,0,0,0,0,0,2,1,0,0,1,1,0,1,0,0,1,0,0,0,0,0,142,True,False
Galactic Armory,0,0,1,0,2,0,0,0,1,0,0,0,0,1,0,0,0,0,1,0,0,0,0,0,109,True,False
Plunder Planet,0,1,1,0,0,1,0,0,0,0,0,0,0,1,0,0,0,0,0,1,0,0,0,2,202,True,True
Binary Star,1,1,0,0,0,0,0,0,0,0,0,0,0,1,0,2,0,0,0,1,0,0,0,0,46,False,False
SuperDense,1,1,0,0,0,0,0,0,0,0,0,0,0,1,0,2,0,0,0,0,0,0,0,0,86,False,False
Galactic Armory,0,0,0,0,0,1,0,1,0,0,0,0,0,0,0,0,0,2,0,0,0,1,0,0,82,False,False
Trade Sector,1,1,0,0,0,0,0,0,0,0,0,0,0,1,0,2,0,0,0,1,0,0,0,0,65,False,False
SuperDense,1,1,0,0,0,0,0,0,0,0,0,0,0,1,0,2,0,0,0,1,0,0,0,0,126,True,False
Binary Star,1,1,0,0,0,0,0,1,0,0,0,0,0,1,0,2,0,0,0,1,0,0,0,0,94,False,False
Normal,0,0,0,0,0,0,0,0,0,0,0,0,0,0,1,0,0,1,3,0,0,0,1,0,55,False,False
Little Legend,0,0,0,1,0,0,0,0,0,1,1,1,0,0,1,0,0,0,0,0,1,0,1,0,237,True,True
Normal,0,1,0,0,0,1,0,1,0,0,0,0,0,1,0,0,0,0,0,0,0,0,0,2,120,True,False
Binary Star,0,0,0,0,0,0,0,0,0,0,0,0,1,1,0,0,0,0,1,0,0,0,0,1,34,False,False
Treasure Trove,1,1,1,0,0,0,0,0,0,0,0,0,0,1,0,2,0,0,0,1,0,0,0,0,85,False,False
SuperDense,0,1,1,0,0,0,0,0,0,0,0,0,0,1,0,0,0,0,0,1,0,0,0,2,90,False,False
Normal,0,1,1,0,0,0,0,0,0,0,0,0,0,1,0,0,0,0,0,1,0,0,0,2,120,True,False
Normal,0,0,1,0,2,0,0,0,1,0,0,0,0,0,0,0,0,0,1,0,0,0,0,0,93,False,False
Normal,0,0,1,0,0,0,0,0,0,0,0,0,0,2,0,0,1,0,0,1,0,0,0,1,67,False,False
Little Legend,0,1,1,0,0,0,0,0,0,0,0,0,0,2,0,0,0,0,0,0,0,0,0,2,186,True,False
Treasure Trove,0,0,0,0,0,0,0,0,1,3,0,0,0,0,0,0,0,1,0,1,0,1,1,0,90,True,False
Star Cluster,1,1,0,0,0,1,0,0,0,0,0,0,0,1,0,1,0,0,0,1,0,0,0,0,63,False,False
SuperDense,0,1,0,0,1,1,0,0,0,0,1,0,0,1,0,0,0,0,0,0,0,0,0,2,113,True,False
Treasure Trove,0,1,1,1,0,1,0,0,0,0,0,0,0,1,0,0,1,0,1,1,1,0,0,0,196,True,True
Little Legend,0,0,0,1,0,1,0,0,0,0,1,1,0,0,0,0,0,0,0,0,1,0,1,0,112,True,False
Normal,0,0,0,0,0,0,0,0,1,0,0,0,1,0,0,0,0,0,1,0,1,0,0,0,84,False,False
Plunder Planet,0,0,0,0,0,0,0,0,1,0,0,0,1,1,0,0,0,0,1,0,0,0,0,0,130,True,False
Star Cluster,0,0,0,0,0,0,0,1,1,1,0,0,1,0,0,0,0,0,0,0,0,1,1,0,176,True,False
Treasure Trove,0,0,0,0,0,1,0,0,1,0,0,0,0,1,0,0,0,3,1,0,0,0,0,0,170,True,False
Trade Sector,0,0,0,0,0,1,0,0,0,0,0,0,1,0,1,0,0,0,2,0,0,0,1,0,107,True,False
Treasure Trove,0,0,0,0,0,0,0,0,1,1,0,0,0,0,0,0,0,3,0,1,0,1,1,0,54,False,False
Plunder Planet,0,0,0,0,0,0,0,1,0,0,0,0,0,1,0,0,0,3,1,0,0,0,1,0,179,True,False
Treasure Trove,0,0,0,1,0,1,0,0,0,0,1,1,0,0,0,0,0,0,0,0,1,0,1,0,100,True,False
Little Legend,0,0,0,1,0,1,0,0,0,0,1,1,0,0,0,0,0,0,0,0,1,0,1,0,106,False,False
Galactic Armory,0,0,0,0,0,0,1,1,0,0,0,0,0,1,0,0,0,2,1,0,0,1,1,0,184,True,False
Galactic Armory,0,0,0,0,0,0,0,0,0,0,0,0,0,0,1,0,0,1,2,0,0,1,1,0,35,False,False
Trade Sector,0,0,0,1,0,1,0,0,0,0,1,0,0,0,0,0,0,0,0,0,0,0,1,0,50,False,False
Normal,0,0,0,0,0,0,0,0,0,0,0,0,0,0,0,0,0,0,3,0,0,0,1,0,50,False,False
SuperDense,0,0,0,1,0,1,1,0,0,0,1,1,0,0,0,0,0,1,0,0,0,0,1,0,84,False,False
Trade Sector,0,0,0,0,0,0,0,0,0,0,0,0,0,1,1,0,0,1,2,0,0,0,2,0,134,True,False
Binary Star,0,0,0,0,0,0,2,1,0,0,0,2,0,0,0,0,0,0,0,0,0,1,0,0,65,False,False
Star Cluster,0,0,0,0,0,1,0,0,0,0,0,0,0,1,0,0,0,2,1,1,0,0,1,0,79,False,False
SuperDense,0,0,0,0,0,0,0,1,1,0,0,0,1,0,0,0,0,1,1,0,0,0,1,0,37,False,False
Little Legend,0,0,0,1,0,1,1,1,0,1,1,1,0,0,0,0,0,0,0,1,1,0,1,0,206,True,True
Plunder Planet,0,0,0,0,0,0,0,0,1,1,0,0,0,0,0,0,0,2,0,0,0,2,1,0,47,False,False
Normal,0,0,0,0,1,0,0,0,0,1,0,0,0,1,0,0,0,0,0,0,0,0,0,2,67,True,False
Normal,0,0,1,1,0,0,0,0,0,0,0,1,0,1,0,0,1,1,1,1,1,0,0,0,84,False,False
SuperDense,0,0,0,0,0,0,0,0,1,1,0,0,1,0,0,0,0,1,1,0,0,1,0,0,108,True,False
Little Legend,0,0,0,0,0,0,0,1,0,0,0,0,1,0,0,0,0,0,2,0,0,0,1,0,83,False,False
Treasure Trove,0,0,0,0,0,0,1,1,1,0,0,0,1,0,0,0,0,1,1,0,0,0,1,0,97,False,False
Plunder Planet,0,0,0,0,0,0,0,0,1,1,0,0,1,0,0,0,0,0,0,1,0,0,1,0,123,False,False
Treasure Trove,0,0,0,0,0,0,0,1,1,1,0,0,0,0,0,0,0,2,0,0,0,1,1,0,83,False,False
Little Legend,0,0,0,0,0,0,0,0,1,0,0,0,1,0,0,0,0,1,1,0,0,0,1,0,97,False,False
Plunder Planet,0,0,0,0,0,0,1,1,1,0,0,2,0,0,0,0,0,1,0,0,0,0,0,0,73,False,False
Binary Star,1,1,0,0,0,0,0,0,0,0,0,0,0,1,0,2,0,0,0,1,0,0,0,0,60,False,False
Normal,0,0,0,0,0,0,0,1,0,0,0,0,0,0,0,0,0,0,0,1,0,0,2,0,170,True,False
SuperDense,1,1,0,0,0,0,0,0,0,0,0,0,0,1,0,2,0,0,0,1,0,0,1,0,89,False,False
Little Legend,0,0,0,0,0,0,0,1,1,1,0,0,1,1,0,0,0,0,1,0,0,0,1,0,113,True,False
Little Legend,0,0,0,0,0,0,0,0,0,0,0,0,0,0,0,0,0,0,0,0,0,0,0,0,100,False,False
Galactic Armory,0,0,0,0,0,0,0,0,0,0,0,0,0,0,0,0,0,0,0,0,0,0,0,0,123,True,False
Little Legend,0,0,0,1,0,1,0,0,0,0,1,0,0,0,0,0,0,0,0,1,1,0,1,0,189,True,True
Little Legend,0,0,0,1,0,1,0,0,0,1,1,1,0,0,0,0,0,1,0,1,1,0,1,0,206,True,True
Binary Star,0,0,0,0,0,0,0,0,0,0,0,0,0,0,0,0,0,0,0,0,0,0,0,0,72,True,False
Trade Sector,0,0,0,0,0,0,0,0,0,0,0,0,0,0,0,0,0,0,0,0,0,0,0,0,30,False,False
SuperDense,0,0,0,0,0,0,0,0,0,0,0,0,0,0,0,0,0,0,0,0,0,0,0,0,63,False,False
Trade Sector,0,0,0,0,0,0,0,0,0,0,0,0,0,0,0,0,0,0,0,0,0,0,0,0,119,True,False
Normal,0,0,0,0,0,0,0,0,0,0,0,0,0,0,0,0,0,0,0,0,0,0,0,0,124,True,False
SuperDense,0,0,0,0,0,0,0,0,0,0,0,0,0,0,0,0,0,0,0,0,0,0,0,0,87,True,False
Normal,0,0,0,0,0,0,0,0,0,0,0,0,0,0,0,0,0,0,0,0,0,0,0,0,56,False,False
Little Legend,0,0,0,0,0,0,0,0,0,0,0,0,0,0,0,0,0,0,0,0,0,0,0,0,41,False,False
Little Legend,0,0,0,0,0,0,0,0,0,0,0,0,0,0,0,0,0,0,0,0,0,0,0,0,131,True,False
Little Legend,0,0,0,0,0,0,0,0,0,0,0,0,0,0,0,0,0,0,0,0,0,0,0,0,107,True,False
The Neekoverse,0,0,0,0,0,0,0,0,0,0,0,0,0,0,0,0,0,0,0,0,0,0,0,0,47,False,False
Galactic Armory,0,0,0,0,0,0,0,0,0,0,0,0,0,0,0,0,0,0,0,0,0,0,0,0,122,True,False
Little Legend,0,0,0,0,0,0,0,0,0,0,0,0,0,0,0,0,0,0,0,0,0,0,0,0,221,True,False
Galactic Armory,0,0,0,0,0,0,0,0,0,0,0,0,0,0,0,0,0,0,0,0,0,0,0,0,142,True,False
Treasure Trove,0,0,0,0,0,0,0,0,0,0,0,0,0,0,0,0,0,0,0,0,0,0,0,0,145,True,False
Little Legend,0,0,0,0,0,0,0,0,0,0,0,0,0,0,0,0,0,0,0,0,0,0,0,0,145,True,False
Galactic Armory,0,0,0,0,0,0,0,0,0,0,0,0,0,0,0,0,0,0,0,0,0,0,0,0,37,False,False
Treasure Trove,0,0,0,0,0,0,0,0,0,0,0,0,0,0,0,0,0,0,0,0,0,0,0,0,81,False,False
SuperDense,0,0,0,0,0,0,0,0,0,0,0,0,0,0,0,0,0,0,0,0,0,0,0,0,90,True,False
Star Cluster,0,0,1,0,0,0,0,0,0,0,0,2,0,1,0,0,1,0,1,1,1,0,0,0,161,True,False
Normal,0,0,0,1,0,1,0,0,0,0,1,1,0,0,0,0,0,0,0,1,1,0,0,0,152,True,True
SuperDense,0,0,0,0,0,0,1,0,0,0,0,2,0,1,0,0,2,0,1,1,1,0,0,0,216,True,True
Galactic Armory,1,1,0,0,0,0,0,0,0,0,0,0,0,1,0,2,0,0,0,1,0,0,0,0,94,False,False
Treasure Trove,0,0,0,0,0,0,0,0,0,0,0,1,0,0,0,0,1,0,0,1,1,1,0,0,165,True,True
Star Cluster,0,0,0,0,0,0,0,0,0,0,0,2,0,0,0,0,2,0,0,1,1,0,0,0,83,False,False
Galactic Armory,0,0,1,0,0,0,1,0,0,0,0,2,0,0,0,0,2,0,0,0,1,0,0,0,98,False,False
Trade Sector,0,0,1,0,0,1,0,0,0,0,0,1,0,0,1,0,2,0,0,1,1,0,0,0,188,True,True
Treasure Trove,0,0,0,0,0,0,0,0,0,0,0,1,0,0,0,0,2,0,1,1,1,0,0,0,73,False,False
The Neekoverse,0,0,1,0,0,0,0,0,0,0,0,1,0,1,0,0,2,0,1,1,1,0,0,0,244,True,True
Normal,0,0,0,0,0,0,0,0,0,0,0,2,0,0,0,0,2,0,0,0,1,0,0,0,44,False,False
Trade Sector,0,0,0,1,0,0,1,0,0,0,0,1,0,0,0,0,2,0,1,1,1,0,0,0,163,True,False
Trade Sector,0,0,0,0,0,0,0,0,0,0,0,1,0,1,0,0,2,0,1,1,1,0,0,0,121,True,False
SuperDense,0,0,0,0,2,0,0,1,1,0,0,0,0,1,0,0,0,0,1,0,0,0,0,1,96,True,False
SuperDense,0,0,1,0,2,1,0,0,1,0,0,0,0,1,0,0,0,0,1,0,0,0,0,1,178,True,True
Little Legends,0,1,0,0,0,0,0,0,0,0,0,0,0,1,0,0,0,0,0,0,0,0,0,2,75,False,False
Normal,0,0,0,1,0,1,0,0,0,1,1,1,0,0,0,0,0,0,0,0,1,0,1,0,91,True,False
SuperDense,0,0,0,0,0,0,0,0,1,0,0,0,1,1,0,0,0,1,2,0,0,0,1,0,73,True,False
Treasure Trove,1,0,1,1,0,0,0,0,0,0,0,0,0,1,0,0,2,0,0,1,1,0,1,0,133,True,False
Treasure Trove,0,0,0,0,0,0,0,0,1,0,0,0,1,0,0,0,0,1,2,0,0,0,0,0,56,False,False
Galactic Armory,0,0,0,0,0,0,2,1,0,0,0,2,0,1,0,0,0,0,0,0,0,0,0,0,22,False,False
Trade Sector,0,0,0,0,0,0,0,1,0,2,0,0,0,1,0,0,0,0,0,0,0,0,1,2,165,True,False
Trade Sector,0,0,0,0,0,0,0,0,0,1,0,0,0,1,0,0,0,1,0,0,0,1,1,2,105,False,False
SuperDense,0,0,0,0,2,0,0,0,1,0,0,0,0,0,0,0,0,1,2,0,0,0,0,0,62,False,False
Plunder Planet,0,0,0,0,0,0,2,1,0,1,0,2,0,0,0,0,0,0,0,0,0,1,1,0,189,True,True
Plunder Planet,0,0,0,0,0,0,0,0,1,1,0,0,0,0,0,0,0,2,2,0,0,0,1,0,137,True,False
Normal,0,0,1,0,2,0,0,0,1,0,0,0,0,1,0,0,0,0,1,0,0,0,0,0,169,True,False
Normal,0,0,0,0,0,0,1,0,0,1,1,2,0,0,0,0,0,0,0,0,0,1,0,0,52,False,False
Normal,1,1,0,1,0,1,0,0,0,0,0,0,0,0,0,0,2,0,1,1,1,0,0,0,119,True,False
Treasure Trove,0,0,0,0,1,0,0,0,1,0,0,0,0,1,0,0,0,1,0,0,1,0,1,0,136,True,False
Salvage World,1,2,0,1,0,0,0,0,0,0,0,0,0,0,0,1,1,0,0,1,1,0,0,0,137,True,False
Galactic Armory,0,0,0,0,0,0,1,0,0,1,0,2,0,0,0,0,0,0,0,0,1,1,0,0,140,True,False
Manatee's Delight,0,0,0,0,0,0,0,0,2,1,0,0,1,1,0,0,0,1,1,0,0,0,0,0,61,False,False
SuperDense,0,0,0,0,0,0,0,0,2,0,0,0,1,1,0,0,0,1,1,0,0,0,1,0,51,False,False
Normal,0,0,0,1,0,1,0,0,0,0,1,1,0,0,0,0,0,0,0,0,1,0,2,0,102,True,False
Trade Sector,0,0,1,0,0,0,0,0,0,1,0,0,0,1,0,0,0,0,0,0,0,1,0,2,114,True,False
Normal,0,0,0,0,0,0,0,0,2,1,0,0,1,1,0,0,0,1,1,0,0,0,1,0,202,True,True
Salvage World,0,0,0,0,2,1,0,0,1,0,0,0,0,1,0,0,0,0,1,0,0,0,0,0,116,True,False
Treasure Trove,0,0,0,0,2,0,0,0,1,0,0,0,0,1,0,0,0,0,1,0,0,0,0,1,80,False,False
Plunder Planet,0,0,0,0,0,0,0,0,1,0,0,0,1,0,0,0,0,1,1,0,0,0,2,0,194,True,True
Treasure Trove,0,0,0,0,0,0,0,0,2,0,0,0,1,1,0,0,0,1,1,0,0,0,1,0,57,False,False
Plunder Planet,0,0,0,0,0,0,0,0,2,1,0,0,1,1,0,0,0,1,1,0,0,0,1,0,105,False,False
Salvage World,0,0,0,0,0,0,2,0,0,1,0,2,0,0,0,0,0,0,0,0,0,1,1,0,76,False,False
Plunder Planet,0,0,0,0,2,0,0,0,1,0,0,0,0,1,0,0,0,0,1,0,0,0,0,0,103,False,False
Treasure Trove,0,0,0,0,1,0,0,0,1,0,0,0,0,1,0,0,0,0,2,0,0,0,0,0,2,False,False
Trade Sector,0,0,0,0,0,0,0,0,0,1,0,0,0,1,0,0,0,0,0,0,0,2,0,2,112,True,False
Normal,0,0,0,0,0,0,0,0,2,1,0,0,1,1,0,0,0,1,1,0,0,0,1,0,167,True,True
Normal,0,0,0,0,2,0,0,0,1,0,0,0,0,1,0,0,0,0,1,0,0,0,0,0,27,False,False
SuperDense,0,0,0,0,0,1,0,0,0,0,1,1,0,0,0,0,0,2,0,0,0,1,1,0,102,False,False
Salvage World,0,0,0,1,0,1,0,0,0,0,1,1,0,0,1,0,0,1,0,0,0,0,1,0,110,False,False
Treasure Trove,0,0,0,1,0,1,0,0,0,0,1,1,0,0,0,0,0,0,0,0,1,0,1,0,74,False,False
Little Legend,0,0,0,1,0,1,0,0,0,0,1,1,0,0,0,0,0,1,0,1,1,0,1,0,81,False,False
Little Legend,0,0,0,1,0,1,0,0,0,0,1,1,0,0,0,0,0,0,0,1,1,0,0,0,134,True,False
Galactic Armory,0,0,0,0,0,0,0,0,1,2,0,0,0,0,0,0,0,1,0,1,0,3,0,0,94,True,False
Binary Star,0,0,1,0,2,0,0,0,1,0,0,0,0,1,0,0,0,0,1,0,0,0,0,0,233,True,True
Normal,0,0,0,0,0,0,0,0,1,1,0,0,1,0,0,0,0,0,2,0,0,0,1,0,37,False,False
Treasure Trove,0,0,0,1,0,1,0,0,0,0,1,1,0,0,0,0,0,0,0,0,1,0,1,0,67,False,False
Normal,0,0,0,1,0,1,0,0,0,0,1,1,0,0,0,0,0,1,0,0,1,0,1,0,41,False,False
Normal,0,0,0,1,0,1,0,0,0,0,1,1,0,0,0,0,0,0,0,1,1,0,1,0,124,False,False
SuperDense,0,0,0,0,0,1,1,0,0,0,0,1,0,0,0,0,0,0,1,0,0,0,1,0,42,False,False
Binary Star,0,0,0,0,0,1,0,0,0,0,1,1,0,0,0,0,0,0,0,0,0,0,1,0,61,False,False
Little Legend,0,0,0,1,0,1,0,0,0,0,1,0,0,0,0,0,0,0,0,1,1,0,1,0,160,True,True
Galactic Armory,0,0,0,0,0,1,0,0,0,0,1,1,0,0,0,0,0,1,0,1,0,0,1,0,132,True,False
Little Legend,0,1,0,0,0,1,0,0,0,0,1,1,0,0,0,0,0,0,0,1,0,0,0,0,150,True,False
Treasure Trove,1,2,0,1,0,0,0,0,0,0,0,0,0,1,0,0,0,0,0,1,1,0,0,1,107,False,False
Plunder Planet,1,2,0,1,0,0,0,0,0,0,0,0,0,0,0,0,0,0,0,1,1,0,0,0,63,False,False
Plunder Planet,1,2,0,1,0,0,0,0,0,0,0,0,0,0,0,0,0,0,0,1,1,0,0,0,77,False,False
Normal,1,2,0,1,0,0,0,0,0,0,0,0,0,0,0,0,0,0,0,1,1,0,0,0,84,False,False
Normal,0,0,0,0,0,0,0,0,2,0,0,0,1,1,0,0,0,1,1,0,0,0,0,0,59,False,False
Treasure Trove,0,1,0,0,0,0,0,0,0,0,0,0,0,1,0,0,0,0,0,0,0,0,0,2,17,False,False
Normal,0,0,0,1,0,1,0,0,0,0,1,1,0,0,1,0,0,1,0,1,1,0,1,0,155,True,False
Trade Sector,0,0,0,0,0,0,0,0,2,0,0,0,1,1,0,0,0,1,1,0,0,0,0,0,40,False,False
Binary Star,0,0,0,0,0,0,0,0,2,1,0,0,1,1,0,0,0,1,1,0,0,0,1,0,137,True,False
Treasure Trove,0,0,0,0,0,0,0,0,0,1,0,0,0,1,0,0,0,1,0,0,0,1,0,2,41,False,False
Binary Star,0,1,0,0,0,1,0,0,0,0,0,0,0,1,0,0,0,0,0,0,0,0,0,2,86,False,False
Plunder Planet,0,0,0,1,0,1,0,0,0,0,1,1,0,0,1,0,0,0,0,1,1,0,1,0,93,True,False
Salvage World,0,0,1,0,1,0,0,0,0,1,0,0,0,1,0,0,0,0,0,0,0,0,0,2,142,True,False
Treasure Trove,0,0,0,1,0,1,0,0,0,0,1,1,0,0,0,0,0,0,0,1,1,0,1,0,188,True,True
Treasure Trove,0,0,0,0,0,0,0,0,0,1,0,0,0,1,0,0,0,0,0,0,0,1,0,2,80,True,False
Trade Sector,0,0,0,0,0,0,0,0,0,0,0,0,0,1,0,0,0,1,0,0,0,0,1,2,37,False,False
Galactic Armory,0,0,0,0,0,0,0,0,0,1,0,0,0,1,0,0,0,0,0,0,0,0,1,2,161,True,False
SuperDense,0,0,0,0,0,0,0,0,0,1,0,0,0,1,0,0,0,0,0,0,0,1,0,2,61,False,False
Trade Sector,0,0,0,0,0,0,0,0,0,1,0,0,0,1,0,0,0,0,0,1,0,1,0,2,147,True,False
Binary Star,0,0,0,0,0,0,0,0,2,0,0,0,1,1,0,1,0,1,0,0,0,0,0,0,126,True,False
Little Legend,0,0,0,1,0,1,0,0,0,0,1,1,0,0,1,0,0,0,0,1,1,0,1,0,95,False,False
Galactic Armory,0,1,1,0,0,0,0,0,0,0,0,0,0,1,0,0,0,0,0,0,0,0,0,2,115,True,False
Trade Sector,0,0,1,0,0,0,0,0,0,2,0,0,0,1,0,0,0,0,0,0,0,1,0,2,131,True,False
Salvage World,0,0,0,0,0,0,0,0,2,0,0,0,1,1,0,0,0,1,1,0,0,0,0,0,81,False,False
Binary Star,0,0,0,0,0,0,0,0,2,0,0,0,1,1,0,0,0,1,1,0,0,0,0,0,63,True,False
Galactic Armory,0,0,0,0,0,0,0,0,1,1,0,0,1,0,0,0,0,0,1,0,0,0,1,0,46,False,False
Galactic Armory,0,0,0,0,0,0,0,0,2,1,0,0,1,0,0,0,0,1,1,0,0,0,1,0,72,False,False
Salvage World,0,0,1,0,0,0,0,0,0,1,0,0,0,1,0,0,0,0,0,0,0,1,0,2,155,True,True
Treasure Trove,0,0,0,0,0,0,0,0,1,1,0,0,1,0,0,0,0,1,1,0,0,0,1,0,66,False,False
Treasure Trove,0,0,0,0,0,0,0,0,2,1,0,0,1,1,0,0,0,1,1,0,0,0,1,0,222,True,True
Plunder Planet,0,0,0,0,0,0,0,0,2,1,0,0,1,1,0,0,0,1,1,0,0,0,1,0,178,True,True
Treasure Trove,0,0,0,1,0,1,0,0,0,0,1,1,0,0,1,0,0,0,0,1,0,0,1,0,85,False,False
Normal,0,0,0,1,0,1,0,0,0,0,1,1,0,0,0,0,0,0,0,1,0,0,1,0,206,True,False
SuperDense,0,0,0,0,0,0,0,0,2,1,0,0,1,1,0,0,0,1,1,0,0,0,1,0,142,True,False
Plunder Planet,0,0,1,0,2,0,0,0,1,0,0,0,0,1,0,0,0,0,0,0,0,0,0,1,92,True,False
Normal,0,0,1,0,2,0,0,0,1,0,0,0,0,1,0,0,0,0,1,0,0,0,0,0,70,False,False
Little Legend,0,1,0,1,0,1,0,0,0,0,1,1,0,0,0,0,0,0,0,1,0,0,0,0,70,False,False
Star Cluster,0,0,0,0,0,0,0,0,1,3,0,0,0,1,0,0,0,2,1,0,0,1,1,0,107,True,False
Normal,0,0,0,0,2,0,0,0,1,0,0,0,0,1,0,0,0,0,1,0,0,0,0,0,34,False,False
Normal,0,0,0,0,0,1,0,0,0,1,1,1,0,0,0,0,0,0,0,0,0,0,0,0,41,False,False
Treasure Trove,0,0,0,1,0,0,0,0,0,2,1,1,0,0,0,0,0,0,0,0,1,1,0,0,144,True,False
Binary Star,0,0,0,0,2,0,0,0,1,0,0,0,0,1,0,0,0,0,1,0,0,0,0,0,41,False,False
Galactic Armory,1,0,0,0,0,1,0,0,0,0,0,0,0,1,1,2,0,0,0,0,0,0,0,0,81,False,False
Star Cluster,0,0,0,1,0,0,0,0,0,2,1,1,0,0,0,0,0,0,0,0,1,1,1,0,109,True,False
Star Cluster,0,0,0,0,0,0,0,0,1,2,0,0,0,1,0,0,0,1,0,0,0,1,0,1,81,False,False
SuperDense,0,0,0,0,0,0,0,0,0,2,1,1,0,0,0,0,0,0,0,0,0,1,0,0,87,False,False
Little Legend,0,0,0,0,0,0,0,0,0,2,1,1,0,0,0,0,0,0,0,0,0,1,1,0,176,True,False
Treasure Trove,1,0,0,0,0,0,0,0,0,0,0,0,0,0,2,1,0,0,0,0,0,0,0,0,46,False,False
Star Cluster,0,0,1,0,2,0,0,0,1,0,0,0,0,1,0,0,0,0,0,0,0,0,0,1,64,False,False
Galactic Armory,0,0,0,1,0,0,0,1,0,0,0,1,0,0,0,0,2,0,0,0,1,0,0,0,73,False,False
Star Cluster,0,0,1,0,2,0,0,0,0,0,0,0,0,1,0,0,0,0,1,0,0,0,0,1,85,False,False
Plunder Planet,1,1,0,0,0,0,0,1,0,0,0,0,0,1,0,2,0,0,0,1,0,0,0,0,92,True,False
Little Legend,1,2,0,0,0,0,0,0,0,0,0,0,0,0,0,0,0,0,0,1,1,0,1,0,131,True,False
Salvage World,0,1,1,0,0,0,0,0,0,0,0,0,0,1,0,0,0,0,0,1,0,0,0,2,151,True,False
Galactic Armory,0,1,1,0,1,1,0,0,0,0,0,0,0,1,0,0,0,0,0,0,0,0,1,2,198,True,True
Normal,0,0,0,0,1,0,0,1,0,1,0,0,0,1,0,0,0,0,0,0,0,0,0,2,160,True,False
Treasure Trove,0,0,0,0,1,0,0,0,0,1,0,0,0,1,0,0,0,0,0,0,0,1,0,2,164,True,True
Normal,0,1,0,0,0,0,0,0,0,0,0,0,0,1,0,0,0,0,0,1,0,0,0,2,115,True,False
Normal,0,0,0,0,0,0,0,0,1,2,0,0,0,1,0,0,0,1,0,0,0,1,0,1,96,True,False
Galactic Armory,0,0,0,0,0,0,0,0,2,1,0,0,1,1,0,0,0,1,1,0,0,0,1,0,201,True,True
Little Legend,0,0,0,1,0,0,0,0,0,0,0,1,0,0,0,0,0,0,0,0,0,0,1,0,39,False,False
Plunder Planet,0,0,0,0,0,1,0,0,1,1,0,0,0,0,0,0,0,3,0,0,0,0,1,0,166,True,True
Treasure Trove,0,2,1,1,0,0,0,0,0,0,0,0,0,1,0,0,0,0,0,0,1,0,0,2,154,True,False
Treasure Trove,0,0,0,0,0,0,0,0,0,0,0,0,0,0,0,0,0,0,0,0,0,0,0,0,82,False,False
Normal,0,0,0,0,0,0,0,0,0,0,0,2,0,2,0,0,0,0,0,0,1,0,0,0,44,False,False
The Neekoverse,0,0,1,0,0,0,0,0,0,0,0,1,0,1,0,0,2,0,1,1,1,0,0,0,149,True,True
Treasure Trove,1,1,0,0,0,0,0,0,0,0,0,0,0,1,0,2,0,0,0,1,0,0,1,0,125,True,False
Normal,1,1,0,0,0,0,0,0,0,0,0,0,0,1,0,2,0,0,1,1,0,0,0,0,182,True,False
Normal,1,1,0,0,0,0,0,0,0,0,0,0,0,1,0,2,0,0,0,1,0,0,0,0,96,True,False
Treasure Trove,1,1,0,0,0,0,0,0,0,0,0,0,0,1,0,1,0,0,0,1,0,0,1,0,142,True,False
Galactic Armory,0,0,0,0,0,0,0,0,0,0,0,2,0,1,0,0,0,0,0,0,0,0,0,0,73,False,False
Trade Sector,1,2,0,0,0,0,0,0,0,0,0,0,0,1,0,2,0,0,0,1,0,0,0,0,136,True,False
Normal,0,0,0,1,0,0,0,1,0,0,1,2,0,0,0,0,0,0,0,1,0,0,0,0,104,False,False
Normal,1,2,0,0,0,0,0,0,0,0,0,0,0,0,0,1,0,0,0,1,0,0,1,1,128,True,False
SuperDense,1,1,0,0,0,0,0,0,0,0,0,0,0,1,0,2,0,0,0,1,0,0,1,0,80,True,False
Star Cluster,1,2,0,0,0,1,0,0,0,0,0,0,0,1,0,1,0,0,0,1,0,0,0,0,184,True,False
Trade Sector,1,2,0,1,0,1,0,0,0,0,0,0,0,1,0,1,0,0,0,1,1,0,0,0,183,True,True
Binary Star,0,0,0,0,2,1,0,0,1,0,0,0,0,1,0,0,0,0,0,0,0,0,0,1,82,False,False
Little Legends,1,1,0,0,0,1,0,0,0,0,0,0,0,0,0,2,0,0,0,0,0,0,0,0,79,True,False
SuperDense,0,0,0,0,1,1,0,0,1,0,0,0,0,0,0,0,0,0,2,1,0,0,0,0,102,True,False
Normal,0,0,0,0,0,0,0,0,0,0,1,1,0,0,1,0,0,0,1,0,0,0,1,0,76,False,False
Trade Sector,0,0,0,0,0,0,0,0,0,0,0,0,0,1,1,0,0,1,2,0,0,0,1,0,130,True,False
Trade Sector,1,1,0,0,0,1,0,0,0,0,0,0,0,1,0,2,0,0,0,1,0,0,0,0,129,True,False
Trade Sector,1,1,0,0,0,0,0,0,0,0,0,0,0,1,0,2,0,0,0,1,1,0,0,0,78,False,False
Galactic Armory,0,0,0,0,2,0,0,0,0,0,0,0,0,0,0,1,0,0,1,0,0,0,0,0,60,False,False
Treasure Trove,0,1,0,0,0,0,0,0,0,0,0,0,0,0,0,0,0,0,0,1,0,0,0,2,53,False,False
The Neekoverse,0,0,0,1,0,1,0,0,0,0,1,1,0,0,0,0,0,1,0,1,0,0,1,0,142,True,False
Trade Sector,0,0,0,0,0,0,0,0,1,1,0,0,0,0,1,0,0,0,0,0,0,2,1,0,34,False,False
Normal,0,0,0,0,0,1,0,0,0,0,1,1,0,0,1,0,0,0,0,0,0,0,1,0,49,False,False
The Neekoverse,0,0,0,0,1,1,0,0,0,1,0,0,0,0,0,0,0,0,0,0,0,2,0,0,153,True,True
SuperDense,0,0,0,0,0,0,0,0,1,0,0,0,1,0,0,0,0,1,2,0,0,0,0,0,114,True,False
Medium Legends,0,0,1,0,2,0,0,0,0,0,0,0,0,1,0,0,0,0,0,0,0,0,0,1,74,False,False
Normal,1,1,0,0,0,0,0,0,0,0,0,0,0,1,0,2,0,0,0,1,0,0,1,0,197,True,True
Star Cluster,0,0,1,0,0,0,1,0,0,0,1,2,0,0,0,0,0,0,0,1,0,0,0,0,112,True,False
SuperDense,0,0,0,0,1,0,0,0,1,0,0,0,1,1,0,1,0,0,0,1,0,0,1,0,85,True,False
Little Legends,0,0,0,0,1,2,0,0,0,0,0,0,0,0,0,0,0,0,1,0,0,0,0,0,59,False,False
Normal,0,0,0,0,0,0,0,0,0,0,0,1,0,1,0,0,0,0,2,1,0,0,0,0,76,False,False
SuperDense,0,0,1,0,0,0,0,0,0,0,1,0,1,0,0,0,0,0,1,0,0,0,0,0,54,False,False
Little Legends,0,0,0,0,1,0,0,0,1,0,0,0,1,1,0,1,0,0,1,0,0,0,0,0,56,False,False
Galactic Armory,0,0,0,0,2,0,0,0,1,0,0,0,0,0,0,0,0,0,1,1,0,0,0,0,131,True,False
Trade Sector,0,0,0,0,0,0,0,0,1,0,1,0,1,0,0,0,0,0,0,0,0,0,0,0,40,False,False
Normal,0,0,0,0,0,0,0,0,0,0,1,2,0,1,0,0,0,0,0,0,0,0,0,0,63,False,False
The Neekoverse,0,0,0,0,1,0,0,0,1,0,0,0,1,0,0,1,0,0,0,1,0,0,1,0,107,True,False
Galactic Armory,0,1,0,0,1,0,0,0,1,0,0,0,0,2,0,0,0,0,1,1,0,0,0,1,92,False,False
Trade Sector,1,0,1,0,0,0,0,0,0,0,0,0,0,2,0,0,0,0,1,0,0,0,0,0,39,False,False
Star Cluster,0,0,0,0,1,1,0,0,1,0,1,0,0,0,0,0,0,0,0,1,0,0,0,0,89,True,False
Treasure Trove,0,0,0,0,0,0,0,0,1,0,0,0,1,0,0,0,0,2,1,0,0,0,1,0,117,True,False
SuperDense,0,0,0,0,0,0,0,0,1,0,0,0,1,0,0,0,0,1,2,0,0,0,1,0,101,True,False
Galactic Armory,1,1,1,0,1,0,0,0,0,0,0,0,0,1,0,2,0,0,0,1,0,0,0,0,170,True,False
The Neekoverse,0,0,0,0,0,0,0,0,1,0,0,0,1,0,0,0,0,0,1,0,0,0,2,0,219,True,True
Little Legends,0,1,0,0,0,1,0,0,0,0,0,0,0,1,0,0,0,0,0,0,0,0,0,2,95,True,False
Treasure Trove,0,0,0,0,0,1,0,0,0,1,0,0,0,0,0,0,0,2,0,0,0,2,1,0,115,False,False
Treasure Trove,0,0,0,0,0,0,0,0,0,1,0,0,0,0,0,0,0,1,1,0,0,2,1,0,66,False,False
Medium Legends,0,0,1,0,2,0,0,0,1,0,0,0,0,1,0,0,0,0,0,0,0,0,0,1,134,False,False
Star Cluster,0,0,0,0,0,1,0,0,0,1,1,0,0,0,0,0,0,1,0,0,0,2,0,0,102,False,False
Little Legends,0,0,0,0,0,1,0,0,0,1,1,1,0,0,1,0,0,0,0,0,0,2,0,0,129,True,False
Galactic Armory,0,0,0,0,0,1,0,0,0,0,1,1,0,0,0,0,0,1,0,1,0,0,1,0,127,False,False
Trade Sector,0,0,0,0,0,1,0,0,0,1,0,0,0,0,1,0,0,1,0,0,0,2,1,0,102,True,False
Star Cluster,0,0,0,0,0,1,0,0,0,0,0,0,0,1,0,0,0,1,0,0,0,2,0,0,38,False,False
Star Cluster,0,0,0,0,0,1,0,0,0,0,1,1,0,1,1,0,0,0,0,0,0,0,0,0,87,False,False
Treasure Trove,0,0,0,0,0,1,0,0,0,1,0,0,0,0,0,0,0,1,0,0,0,2,0,0,78,False,False
The Neekoverse,0,0,0,0,0,0,0,0,1,1,0,0,0,0,0,0,0,1,0,0,0,3,0,0,115,True,False
The Neekoverse,0,0,0,0,0,1,0,0,0,1,0,0,0,0,0,0,0,1,0,0,0,2,0,0,43,False,False
Trade Sector,0,0,0,0,0,1,0,0,0,0,0,0,0,1,0,0,0,1,3,0,0,0,0,0,146,True,False
Treasure Trove,0,0,0,0,0,1,0,0,0,1,0,0,0,0,0,0,0,1,0,0,0,2,0,0,144,True,False
SuperDense,0,0,0,0,0,1,0,0,0,1,0,0,0,0,0,0,0,1,0,0,0,2,0,0,160,True,False
Galactic Armory,0,0,0,0,0,1,0,0,0,1,1,0,0,0,0,0,0,1,0,0,0,2,0,0,95,True,False
Medium Legends,0,0,0,0,0,0,0,0,0,0,0,0,0,1,0,0,0,1,2,0,0,0,1,0,117,False,False
Little Legends,0,0,0,0,0,0,0,1,1,1,0,0,0,1,0,0,0,0,0,0,0,2,0,0,122,True,False
Little Legends,1,1,0,0,0,0,0,1,0,0,0,0,0,1,0,1,0,0,1,1,0,0,0,0,94,False,False
Galactic Armory,0,0,0,0,0,0,0,0,1,1,0,0,0,0,0,0,0,1,0,0,0,2,1,0,61,False,False
The Neekoverse,0,0,0,0,0,0,0,0,1,0,0,0,0,3,0,1,0,0,0,0,0,0,0,0,82,True,False
The Neekoverse,0,0,0,0,0,1,0,0,0,0,1,2,0,1,0,0,0,0,0,0,0,0,0,0,143,True,False
Galactic Armory,0,0,0,0,0,1,0,0,0,0,1,1,0,0,0,0,0,2,0,0,0,1,1,0,126,True,False
Trade Sector,0,0,0,0,0,0,0,0,1,1,0,0,0,0,0,0,0,1,0,0,0,2,0,0,35,False,False
Trade Sector,0,0,0,0,0,1,0,1,0,1,0,0,0,0,0,0,0,0,0,0,0,2,0,0,155,True,False
The Neekoverse,0,0,0,0,0,0,0,0,1,1,0,0,0,0,0,0,0,1,0,1,0,2,1,0,46,False,False
SuperDense,0,0,0,0,0,0,0,0,1,1,0,0,0,1,0,0,0,2,0,0,0,2,1,0,155,True,True
Galactic Armory,0,0,0,0,0,0,0,0,0,1,0,0,0,0,0,0,0,2,0,0,0,2,0,0,82,False,False
Star Cluster,0,0,0,0,0,0,0,0,1,1,0,0,0,0,0,0,0,1,0,0,0,2,1,0,81,True,False
Treasure Trove,0,0,1,0,2,0,0,0,0,0,0,0,0,1,0,0,0,0,1,0,0,0,0,1,193,True,True
Medium Legends,0,0,0,0,0,0,0,0,0,1,0,0,0,0,1,0,0,3,0,0,0,3,1,0,132,False,False
Medium Legends,0,0,0,0,0,0,0,0,0,0,0,0,0,1,0,0,0,1,2,0,0,0,1,0,71,False,False
Normal,0,0,1,0,2,0,0,0,0,0,0,0,0,1,0,0,0,0,1,0,0,0,0,0,66,False,False
Trade Sector,0,1,0,0,0,1,0,0,0,0,0,0,0,1,0,0,0,0,0,0,0,0,0,2,44,False,False
The Neekoverse,1,0,0,0,0,0,0,0,0,0,0,0,0,1,0,2,0,0,0,0,0,0,1,0,50,False,False
SuperDense,0,0,0,0,0,0,0,0,1,0,0,0,1,0,1,0,0,1,2,0,0,0,1,0,114,True,False
The Neekoverse,0,0,1,0,2,0,0,0,0,0,0,0,0,1,0,0,0,0,0,0,0,0,0,1,105,False,False
Trade Sector,0,0,1,0,1,0,0,0,1,0,0,0,0,1,0,0,0,0,1,0,0,0,0,0,198,True,False
The Neekoverse,0,0,0,1,0,2,0,0,0,0,1,1,0,1,0,0,0,0,0,0,1,0,0,0,149,True,False
The Neekoverse,0,0,1,0,2,0,0,0,0,0,0,0,0,1,0,0,0,0,0,0,0,0,0,1,84,False,False
Trade Sector,0,0,0,0,0,0,1,0,0,1,0,0,0,0,1,0,0,0,0,0,0,2,1,0,129,True,False
Treasure Trove,0,0,1,0,2,0,0,0,0,0,0,0,0,1,0,0,0,0,1,0,0,0,0,0,137,True,False
Trade Sector,0,0,1,0,2,0,0,0,0,0,0,0,0,1,0,0,0,0,0,0,0,0,0,1,102,False,False
Star Cluster,0,0,1,0,2,0,0,0,0,0,0,0,0,1,0,0,0,0,1,0,0,0,0,1,131,True,False
Trade Sector,0,0,0,0,0,0,0,0,0,0,0,0,0,1,0,0,0,1,2,0,0,0,2,0,213,True,True
Normal,1,0,0,0,0,0,0,0,0,0,0,0,0,2,0,1,0,0,0,1,0,1,0,1,99,False,False
Normal,0,0,0,0,0,0,1,0,0,0,0,3,0,1,0,0,0,0,0,0,1,0,0,0,70,False,False
Normal,0,0,0,1,0,0,1,0,0,0,0,2,0,0,0,0,0,0,0,0,1,0,0,0,99,False,False
Trade Sector,0,0,0,0,0,0,1,0,0,0,0,2,1,1,0,0,0,0,0,0,0,0,0,0,64,False,False
Star Cluster,0,0,0,0,0,0,0,1,1,0,0,0,1,0,0,0,0,1,1,0,0,0,1,0,71,False,False
Little Legends,0,0,0,0,0,0,1,1,0,0,0,1,1,0,0,0,0,0,1,0,0,0,0,0,67,True,False
Galactic Armory,0,0,0,0,0,0,1,1,0,0,0,2,1,0,0,0,0,0,0,0,0,0,0,0,148,True,False
Normal,0,0,0,0,0,0,0,0,0,0,0,0,0,0,0,0,0,0,0,0,0,0,0,0,49,False,False
Star Cluster,0,0,0,0,0,0,0,0,0,0,0,0,0,0,0,0,0,0,0,0,0,0,0,0,56,False,False
The Neekoverse,1,1,0,0,0,0,0,0,0,0,0,0,0,1,0,2,0,0,0,1,0,0,1,0,151,True,True
The Neekoverse,0,0,1,0,2,0,0,0,1,0,0,0,0,1,0,0,0,0,0,0,0,0,0,0,90,False,False
Galactic Armory,1,1,0,0,0,0,0,0,0,0,0,0,0,1,0,2,0,0,0,1,0,0,0,0,133,True,False
Normal,1,1,0,0,0,0,0,0,0,0,0,0,0,1,0,2,0,0,0,1,0,0,0,0,108,True,False
Normal,0,0,0,0,0,0,1,0,0,1,0,3,0,1,0,0,0,0,0,0,0,0,1,0,155,True,False
Normal,0,0,0,0,0,0,0,0,0,0,0,3,0,1,0,0,0,0,0,0,0,0,0,0,117,True,False
SuperDense,0,0,0,0,0,1,0,0,0,0,1,2,0,0,0,0,0,1,0,0,0,0,1,0,130,True,False
Galactic Armory,0,0,0,0,0,0,0,0,1,0,0,0,0,0,0,0,0,1,2,0,0,0,1,0,43,False,False
Medium Legends,0,0,0,0,0,0,0,0,0,0,0,0,0,1,0,0,0,0,2,0,0,0,2,0,151,True,False
Little Legends,1,0,0,0,0,0,0,0,0,0,0,0,1,1,0,1,0,1,1,0,0,0,1,0,122,True,False
The Neekoverse,0,0,0,0,0,0,0,0,0,0,0,0,0,1,1,0,0,0,2,0,0,0,0,0,207,True,True
The Neekoverse,0,0,0,0,0,0,0,0,1,0,0,0,1,0,0,0,0,1,1,0,0,0,1,0,52,False,False
Medium Legends,0,0,1,0,2,1,0,0,0,0,0,0,0,1,0,1,0,0,0,0,0,0,0,1,171,True,False
Star Cluster,0,0,1,0,2,0,0,0,0,0,0,0,0,1,0,0,0,0,1,0,0,0,0,1,233,True,True
Little Legends,0,0,1,0,2,0,0,0,0,0,0,0,0,1,0,0,0,0,0,0,0,0,0,1,119,True,False
SuperDense,0,0,1,0,2,1,0,0,0,0,0,0,0,1,0,0,0,0,1,0,0,0,0,1,171,True,False
The Neekoverse,0,0,1,0,2,0,0,0,0,0,0,0,0,1,0,0,0,0,1,0,0,0,0,1,164,True,False
Trade Sector,0,1,0,0,0,1,0,0,0,0,0,0,0,1,0,1,0,0,0,0,0,0,0,1,63,False,False
Normal,0,0,1,0,1,0,0,0,0,0,0,0,0,2,0,0,0,0,1,0,0,1,0,1,105,True,False
Treasure Trove,0,0,1,0,2,0,0,0,0,0,0,0,0,1,0,0,0,0,1,0,0,0,0,1,128,True,False
SuperDense,1,0,0,0,2,0,0,0,0,0,0,0,0,0,0,1,0,0,1,0,0,0,0,1,61,False,False
Star Cluster,0,0,1,0,2,0,0,0,0,0,0,0,0,1,0,0,0,0,0,0,0,1,0,1,180,True,True
Galactic Armory,0,0,1,0,2,0,0,0,0,0,0,0,0,1,0,0,0,0,1,0,0,0,0,1,184,True,True
SuperDense,0,0,1,0,2,0,0,0,0,0,0,0,0,1,0,0,0,0,0,0,0,0,0,1,182,True,True
Normal,0,0,1,0,2,0,0,0,0,0,0,0,0,1,0,0,0,0,1,0,0,0,0,1,151,True,False
Medium Legends,0,0,0,0,2,0,0,0,0,0,0,0,0,0,0,1,0,0,0,0,0,0,0,1,119,True,False
Normal,0,0,0,0,0,0,0,0,1,0,0,0,1,0,0,0,0,1,1,1,0,0,1,0,189,True,True
Medium Legends,0,0,0,0,0,0,1,0,0,0,0,2,0,2,0,0,0,0,1,0,0,0,0,0,108,True,False
The Neekoverse,1,0,0,0,0,0,0,0,0,1,0,0,0,1,1,0,0,0,0,0,0,3,1,0,138,True,False
SuperDense,0,0,0,0,2,0,0,0,0,0,0,0,0,0,0,0,0,0,0,0,0,0,1,1,197,True,False
SuperDense,0,0,1,0,2,1,0,0,0,0,0,0,0,1,0,0,0,0,0,0,0,0,0,1,139,True,False
Little Legends,0,0,0,0,0,0,1,0,0,0,1,3,0,1,0,0,0,0,0,0,0,0,0,0,131,True,False
Treasure Trove,0,0,0,0,0,0,0,0,0,0,1,2,0,0,1,0,0,1,0,0,0,0,1,0,117,True,False
Treasure Trove,0,0,1,0,2,0,0,0,0,0,0,0,0,1,0,0,0,0,1,0,0,0,0,0,90,True,False
Galactic Armory,0,0,0,0,0,0,0,0,1,0,0,0,1,1,0,0,0,1,2,0,0,0,0,0,158,True,False
Trade Sector,0,0,0,0,0,0,0,0,2,0,0,0,1,1,0,1,0,0,1,0,0,0,0,0,22,False,False
